<?xml version="1.0" encoding="UTF-8"?>
<!DOCTYPE mapper PUBLIC "-//mybatis.org//DTD Mapper 3.0//EN" "http://mybatis.org/dtd/mybatis-3-mapper.dtd">
<mapper namespace="com.recruit.mapper.CategoryMapper">

    <!-- 通用查询映射结果 -->
    <resultMap id="BaseResultMap" type="com.recruit.model.CategoryDO">
        <id column="id" property="id" />
        <result column="create_time" property="createTime" />
        <result column="update_time" property="updateTime" />
        <result column="delete_time" property="deleteTime" />
        <result column="name" property="name" />
        <result column="description" property="description" />
    </resultMap>

    <select id="show" resultMap="BaseResultMap">
        SELECT * FROM category
        where delete_time is null
        LIMIT 0,9
    </select>
</mapper>
