<?xml version="1.0" encoding="UTF-8"?>
<!DOCTYPE mapper PUBLIC "-//mybatis.org//DTD Mapper 3.0//EN" "http://mybatis.org/dtd/mybatis-3-mapper.dtd">
<mapper namespace="com.recruit.mapper.LogMapper">

    <!-- 通用查询映射结果 -->
    <resultMap id="BaseResultMap" type="com.recruit.model.LogDO">
        <id column="id" property="id"/>
        <result column="message" property="message"/>
        <result column="user_id" property="userId"/>
        <result column="username" property="username"/>
        <result column="status_code" property="statusCode"/>
        <result column="method" property="method"/>
        <result column="path" property="path"/>
        <result column="permission" property="permission"/>
        <result column="create_time" property="createTime"/>
        <result column="update_time" property="updateTime"/>
        <result column="delete_time" property="deleteTime"/>
    </resultMap>

    <select id="findLogsByUsernameAndRange" resultType="com.recruit.model.LogDO">
        SELECT l.message, l.user_id,l.username,l.status_code,l.method,l.path,l.permission,l.create_time FROM log l
        WHERE l.delete_time IS NULL
        <if test="name != null">
            AND l.username=#{name}
        </if>
        <if test="start !=null and end !=null">
            AND l.create_time BETWEEN #{start} AND #{end}
        </if>
        ORDER BY l.create_time DESC
    </select>

    <select id="searchLogsByUsernameAndKeywordAndRange" resultType="com.recruit.model.LogDO">
        SELECT l.message, l.user_id,l.username,l.status_code,l.method,l.path,l.permission,l.create_time FROM log l
        WHERE l.delete_time IS NULL
        <if test="name != ''">
            AND l.username=#{name}
        </if>
        <if test="start !=null and end !=null">
            AND l.create_time BETWEEN #{start} AND #{end}
        </if>
        <if test="keyword != null">
            AND l.message LIKE #{keyword}
        </if>
        ORDER BY l.create_time DESC
    </select>

    <select id="getUserNames" resultType="java.lang.String">
        SELECT l.username
        FROM log l
        WHERE l.delete_time IS NULL
        GROUP BY l.username
        HAVING COUNT(l.username) > 0
    </select>

</mapper>
